Program;Threads;Test;Temps
Philosof;1;1;0.00
Philosof;1;2;0.00
Philosof;1;3;0.00
Philosof;1;4;0.00
Philosof;1;5;0.00
Philosof;2;1;0.04
Philosof;2;2;0.06
Philosof;2;3;0.04
Philosof;2;4;0.05
Philosof;2;5;0.06
Philosof;4;1;0.04
Philosof;4;2;0.04
Philosof;4;3;0.04
Philosof;4;4;0.04
Philosof;4;5;0.05
Philosof;8;1;0.04
Philosof;8;2;0.05
Philosof;8;3;0.05
Philosof;8;4;0.04
Philosof;8;5;0.04
Philosof;16;1;0.05
Philosof;16;2;0.05
Philosof;16;3;0.04
Philosof;16;4;0.07
Philosof;16;5;0.05
Philosof;32;1;0.06
Philosof;32;2;0.05
Philosof;32;3;0.06
Philosof;32;4;0.06
Philosof;32;5;0.06
Philosof;64;1;0.08
Philosof;64;2;0.08
Philosof;64;3;0.08
Philosof;64;4;0.08
Philosof;64;5;0.08
Producer_Consumer;1;1;0.26
Producer_Consumer;1;2;0.25
Producer_Consumer;1;3;0.25
Producer_Consumer;1;4;0.25
Producer_Consumer;1;5;0.25
Producer_Consumer;2;1;0.13
Producer_Consumer;2;2;0.13
Producer_Consumer;2;3;0.13
Producer_Consumer;2;4;0.13
Producer_Consumer;2;5;0.13
Producer_Consumer;4;1;0.07
Producer_Consumer;4;2;0.06
Producer_Consumer;4;3;0.06
Producer_Consumer;4;4;0.06
Producer_Consumer;4;5;0.06
Producer_Consumer;8;1;0.04
Producer_Consumer;8;2;0.04
Producer_Consumer;8;3;0.04
Producer_Consumer;8;4;0.04
Producer_Consumer;8;5;0.04
Producer_Consumer;16;1;0.04
Producer_Consumer;16;2;0.04
Producer_Consumer;16;3;0.04
Producer_Consumer;16;4;0.04
Producer_Consumer;16;5;0.04
Producer_Consumer;32;1;0.04
Producer_Consumer;32;2;0.04
Producer_Consumer;32;3;0.04
Producer_Consumer;32;4;0.04
Producer_Consumer;32;5;0.04
Producer_Consumer;64;1;0.04
Producer_Consumer;64;2;0.04
Producer_Consumer;64;3;0.04
Producer_Consumer;64;4;0.04
Producer_Consumer;64;5;0.04
WriterReader;1;1;0.10
WriterReader;1;2;0.10
WriterReader;1;3;0.10
WriterReader;1;4;0.11
WriterReader;1;5;0.10
WriterReader;2;1;0.11
WriterReader;2;2;0.11
WriterReader;2;3;0.11
WriterReader;2;4;0.10
WriterReader;2;5;0.10
WriterReader;4;1;0.10
WriterReader;4;2;0.10
WriterReader;4;3;0.11
WriterReader;4;4;0.10
WriterReader;4;5;0.11
WriterReader;8;1;0.10
WriterReader;8;2;0.11
WriterReader;8;3;0.11
WriterReader;8;4;0.11
WriterReader;8;5;0.11
WriterReader;16;1;0.12
WriterReader;16;2;0.11
WriterReader;16;3;0.13
WriterReader;16;4;0.13
WriterReader;16;5;0.10
WriterReader;32;1;0.11
WriterReader;32;2;0.11
WriterReader;32;3;0.14
WriterReader;32;4;0.12
WriterReader;32;5;0.11
WriterReader;64;1;0.11
WriterReader;64;2;0.11
WriterReader;64;3;0.12
WriterReader;64;4;0.12
WriterReader;64;5;0.11
Test-and-set;1;1;0.19
Test-and-set;1;2;0.20
Test-and-set;1;3;0.19
Test-and-set;1;4;0.19
Test-and-set;1;5;0.20
Test-and-set;2;1;0.20
Test-and-set;2;2;0.19
Test-and-set;2;3;0.19
Test-and-set;2;4;0.19
Test-and-set;2;5;0.19
Test-and-set;4;1;0.20
Test-and-set;4;2;0.19
Test-and-set;4;3;0.19
Test-and-set;4;4;0.20
Test-and-set;4;5;0.20
Test-and-set;8;1;0.48
Test-and-set;8;2;0.48
Test-and-set;8;3;0.47
Test-and-set;8;4;0.53
Test-and-set;8;5;0.54
Test-and-set;16;1;1.26
Test-and-set;16;2;1.05
Test-and-set;16;3;0.91
Test-and-set;16;4;0.99
Test-and-set;16;5;1.03
Test-and-set;32;1;1.75
Test-and-set;32;2;2.17
Test-and-set;32;3;1.46
Test-and-set;32;4;1.22
Test-and-set;32;5;1.47
Test-and-set;64;1;2.26
Test-and-set;64;2;2.48
Test-and-set;64;3;2.60
Test-and-set;64;4;2.21
Test-and-set;64;5;2.58
